Time,Pure Signal,Noisy Signal,Kalman Filter,Complementary Filter,Hybrid Filter,Moving Average Filter
0.000000,0.000000,-0.602912,-0.548103,-0.030146,-0.392716,0.162556
0.005000,0.062791,0.032975,-0.271383,-0.026990,-0.198065,0.093946
0.010000,0.125333,0.975636,0.130954,0.023142,0.098611,0.061389
0.015000,0.187381,0.732193,0.277652,0.058594,0.211935,0.108901
0.020000,0.248690,-0.480268,0.128947,0.031651,0.099758,0.239035
0.025000,0.309017,-0.227899,0.070392,0.018674,0.054877,0.353694
0.030000,0.368125,0.332584,0.107370,0.034369,0.085470,0.308834
0.035000,0.425779,0.308025,0.132187,0.048052,0.106946,0.257838
0.040000,0.481754,0.835588,0.209663,0.087429,0.172993,0.472249
0.045000,0.535827,0.661612,0.254541,0.116138,0.213020,0.562264
0.050000,0.587785,0.375224,0.265452,0.129092,0.224544,0.557584
0.055000,0.637424,1.020606,0.328129,0.173668,0.281791,0.635258
0.060000,0.684547,0.402207,0.333812,0.185095,0.289197,0.564723
0.065000,0.728969,0.299826,0.331388,0.190831,0.289221,0.606800
0.070000,0.770513,0.851740,0.366084,0.223877,0.323422,0.666995
0.075000,0.809017,0.341849,0.364567,0.229775,0.324130,0.566140
0.080000,0.844328,0.956145,0.399470,0.266094,0.359457,0.612659
0.085000,0.876307,0.796588,0.421630,0.292619,0.382926,0.618952
0.090000,0.904827,0.314626,0.415965,0.293719,0.379291,0.630899
0.095000,0.929776,0.727840,0.431674,0.315425,0.396799,0.747493
0.100000,0.951057,0.343875,0.427456,0.316848,0.394273,0.761603
0.105000,0.968583,0.935369,0.450786,0.347774,0.419882,0.803516
0.110000,0.982287,1.158005,0.481909,0.388285,0.453822,0.928325
0.115000,0.992115,1.054921,0.506116,0.421617,0.480766,0.902897
0.120000,0.998027,1.089979,0.529835,0.455035,0.507395,0.977937
0.125000,1.000000,1.188285,0.555601,0.491698,0.536430,0.973383
0.130000,0.998027,0.549846,0.555384,0.494605,0.537150,0.944393
0.135000,0.992115,0.869155,0.566827,0.513332,0.550778,0.909652
0.140000,0.982287,0.903491,0.578704,0.532840,0.564945,0.886000
0.145000,0.968583,0.955075,0.591565,0.553952,0.580281,0.816573
0.150000,0.951057,0.811735,0.598860,0.566841,0.589255,0.828376
0.155000,0.929776,0.924416,0.609332,0.584720,0.601948,0.864109
0.160000,0.904827,0.702292,0.612238,0.590599,0.605746,0.851859
0.165000,0.876307,0.632467,0.612853,0.592692,0.606804,0.885919
0.170000,0.844328,1.119289,0.627844,0.619022,0.625197,0.839878
0.175000,0.809017,0.817744,0.633321,0.628958,0.632012,0.771153
0.180000,0.770513,1.193489,0.649079,0.657184,0.651511,0.786157
0.185000,0.728969,0.489452,0.644696,0.648798,0.645927,0.810324
0.190000,0.684547,0.443340,0.639297,0.638525,0.639065,0.757422
0.195000,0.637424,0.807321,0.643701,0.646965,0.644680,0.629676
0.200000,0.587785,0.801636,0.647750,0.654698,0.649834,0.439310
0.205000,0.535827,0.748975,0.650289,0.659412,0.653026,0.450071
0.210000,0.481754,-0.076484,0.632431,0.622617,0.629487,0.444184
0.215000,0.425779,-0.139073,0.613856,0.584533,0.605059,0.427058
0.220000,0.368125,0.564784,0.612697,0.583545,0.603952,0.554399
0.225000,0.309017,0.402131,0.607821,0.574475,0.597817,0.464181
0.230000,0.248690,0.687434,0.609631,0.580123,0.600778,0.514139
0.235000,0.187381,1.693025,0.633811,0.635768,0.634398,0.552612
0.240000,0.125333,0.117447,0.622489,0.609852,0.618697,0.415782
0.245000,0.062791,0.273226,0.614961,0.593020,0.608379,0.314737
0.250000,0.000000,0.130235,0.604687,0.569881,0.594246,0.199137
0.255000,-0.062791,-0.393023,0.583885,0.521736,0.565240,-0.097236
0.260000,-0.125333,-0.305182,0.565641,0.480390,0.540066,-0.200190
0.265000,-0.187381,-0.121767,0.551753,0.450282,0.521312,-0.283077
0.270000,-0.248690,-0.381587,0.533180,0.408689,0.495832,-0.369086
0.275000,-0.309017,-0.603234,0.510897,0.358093,0.465056,-0.380543
0.280000,-0.368125,-0.306984,0.495091,0.324839,0.444015,-0.384540
0.285000,-0.425779,-0.471827,0.476664,0.285005,0.419167,-0.487054
0.290000,-0.481754,-0.473222,0.458810,0.247094,0.395295,-0.532718
0.295000,-0.535827,-0.333161,0.444122,0.218081,0.376310,-0.541119
0.300000,-0.587785,-0.839365,0.420629,0.165209,0.344003,-0.534675
0.305000,-0.637424,-0.701234,0.400354,0.121887,0.316814,-0.520209
0.310000,-0.684547,-0.662041,0.381393,0.082691,0.291782,-0.582072
0.315000,-0.728969,-0.261879,0.370051,0.065462,0.278674,-0.668982
0.320000,-0.770513,-0.370562,0.357148,0.043661,0.263102,-0.690905
0.325000,-0.809017,-0.906264,0.335391,-0.003835,0.233623,-0.666752
0.330000,-0.844328,-0.941527,0.313651,-0.050720,0.204340,-0.731269
0.335000,-0.876307,-0.992830,0.291653,-0.097825,0.174810,-0.836761
0.340000,-0.904827,-0.532162,0.277932,-0.119542,0.158690,-0.916671
0.345000,-0.929776,-1.113655,0.255000,-0.169248,0.127726,-0.919929
0.350000,-0.951057,-1.000329,0.234527,-0.210802,0.100929,-0.888166
0.355000,-0.968583,-0.929928,0.215729,-0.246758,0.076983,-0.955290
0.360000,-0.982287,-0.929072,0.197430,-0.280874,0.053939,-0.952195
0.365000,-0.992115,-0.719183,0.182920,-0.302789,0.037207,-0.914195
0.370000,-0.998027,-1.462697,0.157117,-0.360785,0.001747,-0.896861
0.375000,-1.000000,-0.510501,0.146746,-0.368271,-0.007759,-0.938169
0.380000,-0.998027,-0.847657,0.131438,-0.392240,-0.025665,-0.921823
0.385000,-0.992115,-0.878990,0.116022,-0.416577,-0.043758,-0.964148
0.390000,-0.982287,-1.219084,0.095828,-0.456703,-0.069931,-0.899693
0.395000,-0.968583,-0.814648,0.082173,-0.474600,-0.084859,-0.877103
0.400000,-0.951057,-1.015456,0.065849,-0.501643,-0.104399,-0.813218
0.405000,-0.929776,-1.011513,0.049956,-0.527136,-0.123172,-0.796708
0.410000,-0.904827,-0.352373,0.044068,-0.518398,-0.124672,-0.748772
0.415000,-0.876307,-0.400461,0.037614,-0.512501,-0.127421,-0.751865
0.420000,-0.844328,-0.763419,0.026071,-0.525047,-0.139264,-0.752723
0.425000,-0.809017,-0.883531,0.013062,-0.542971,-0.153748,-0.717705
0.430000,-0.770513,-0.836301,0.001003,-0.557638,-0.166589,-0.721725
0.435000,-0.728969,-1.021462,-0.013410,-0.580829,-0.183636,-0.697058
0.440000,-0.684547,-0.766387,-0.023950,-0.590107,-0.193797,-0.661231
0.445000,-0.637424,-0.380515,-0.028906,-0.579627,-0.194123,-0.533808
0.450000,-0.587785,-0.227795,-0.031653,-0.562036,-0.190768,-0.464057
0.455000,-0.535827,-0.512624,-0.038250,-0.559565,-0.194645,-0.320016
0.460000,-0.481754,0.008426,-0.037614,-0.531166,-0.185680,-0.257922
0.465000,-0.425779,-0.348044,-0.041818,-0.522010,-0.185876,-0.209224
0.470000,-0.368125,-0.013172,-0.041433,-0.496568,-0.177973,-0.213912
0.475000,-0.309017,-0.331727,-0.045316,-0.488326,-0.178219,-0.146553
0.480000,-0.248690,-0.039632,-0.045241,-0.465891,-0.171436,-0.146735
0.485000,-0.187381,-0.260614,-0.048088,-0.455627,-0.170350,-0.063824
0.490000,-0.125333,-0.041110,-0.047997,-0.434901,-0.164068,-0.031786
0.495000,-0.062791,0.007157,-0.047275,-0.412798,-0.156932,0.061706
0.500000,-0.000000,0.232330,-0.043640,-0.380542,-0.144711,-0.127579
0.505000,0.062791,0.211091,-0.040346,-0.350960,-0.133530,-0.047158
0.510000,0.125333,0.322720,-0.035675,-0.317276,-0.120155,0.068990
0.515000,0.187381,-1.364628,-0.052684,-0.369644,-0.147772,0.159872
0.520000,0.248690,0.302333,-0.048163,-0.336045,-0.134528,0.170654
0.525000,0.309017,0.771924,-0.037771,-0.280647,-0.110634,0.230312
0.530000,0.368125,0.643331,-0.029182,-0.234448,-0.090761,0.269802
0.535000,0.425779,0.307808,-0.024952,-0.207335,-0.079667,0.598028
0.540000,0.481754,0.628693,-0.016786,-0.165533,-0.061410,0.695393
0.545000,0.535827,0.599151,-0.009125,-0.127299,-0.044577,0.701600
0.550000,0.587785,0.932959,0.002539,-0.074286,-0.020508,0.752378
0.555000,0.637424,0.983884,0.014637,-0.021378,0.003833,0.850145
0.560000,0.684547,0.815374,0.024466,0.020460,0.023264,0.866912
0.565000,0.728969,0.998779,0.036376,0.069376,0.046276,0.969550
0.570000,0.770513,0.992175,0.048012,0.115516,0.068263,0.962222
0.575000,0.809017,0.746060,0.056476,0.147043,0.083646,0.926961
0.580000,0.844328,1.317622,0.071707,0.205572,0.111866,0.909552
0.585000,0.876307,0.881661,0.081451,0.239376,0.128829,0.980797
0.590000,0.904827,0.737054,0.089309,0.264260,0.141794,0.960708
0.595000,0.929776,0.693510,0.096524,0.285723,0.153284,0.969481
0.600000,0.951057,1.497500,0.113193,0.346312,0.183128,0.986951
0.605000,0.968583,0.851549,0.121946,0.371573,0.196834,1.008959
0.610000,0.982287,0.807468,0.130045,0.393368,0.209042,1.093237
0.615000,0.992115,1.439916,0.145468,0.445696,0.235536,1.120992
0.620000,0.998027,1.035715,0.155915,0.475197,0.251699,1.064314
0.625000,1.000000,1.326998,0.169612,0.517787,0.274065,1.123002
0.630000,0.998027,0.887796,0.177985,0.536287,0.285476,1.266378
0.635000,0.992115,1.100755,0.188710,0.564511,0.301450,1.172551
0.640000,0.982287,1.262367,0.201150,0.599403,0.320626,1.187473
0.645000,0.968583,1.811100,0.219747,0.659988,0.351819,1.085228
0.650000,0.951057,0.783124,0.226235,0.666145,0.358208,1.130174
0.655000,0.929776,1.140169,0.236731,0.689846,0.372665,1.074398
0.660000,0.904827,0.611282,0.241020,0.685918,0.374489,1.027499
0.665000,0.876307,1.202421,0.251998,0.711743,0.389922,0.845519
0.670000,0.844328,0.710323,0.257218,0.711672,0.393554,0.865440
0.675000,0.809017,0.934071,0.264905,0.722792,0.402271,0.820567
0.680000,0.770513,0.537244,0.267990,0.713515,0.401647,0.883163
0.685000,0.728969,0.922569,0.275386,0.723967,0.409960,0.825762
0.690000,0.684547,0.826062,0.281592,0.729072,0.415836,0.828623
0.695000,0.637424,1.049448,0.290225,0.745091,0.426684,0.828503
0.700000,0.587785,0.800620,0.295949,0.747867,0.431524,0.775284
0.705000,0.535827,0.730349,0.300809,0.746991,0.434664,0.730835
0.710000,0.481754,0.933230,0.307868,0.756303,0.442399,0.663264
0.715000,0.425779,0.164711,0.306274,0.726724,0.432409,0.585254
0.720000,0.368125,0.611423,0.309665,0.720959,0.433053,0.490942
0.725000,0.309017,0.353066,0.310146,0.702564,0.427872,0.427284
0.730000,0.248690,0.503379,0.312284,0.692605,0.426380,0.243510
0.735000,0.187381,0.140439,0.310387,0.664997,0.416770,0.145124
0.740000,0.125333,0.284739,0.310104,0.645984,0.410868,0.015252
0.745000,0.062791,-0.353189,0.302811,0.596025,0.390775,-0.036626
0.750000,0.000000,-0.523986,0.293737,0.540024,0.367624,-0.178621
0.755000,-0.062791,-0.297685,0.287260,0.498139,0.350523,-0.233394
0.760000,-0.125333,-0.010081,0.284009,0.472728,0.340625,-0.347062
0.765000,-0.187381,-0.490585,0.275557,0.424562,0.320259,-0.312659
0.770000,-0.248690,-0.242969,0.269910,0.391186,0.306292,-0.317892
0.775000,-0.309017,-0.510937,0.261420,0.346080,0.286818,-0.355188
0.780000,-0.368125,-0.112372,0.257363,0.323157,0.277101,-0.432113
0.785000,-0.425779,-0.560611,0.248501,0.278969,0.257641,-0.440789
0.790000,-0.481754,-0.558764,0.239769,0.237082,0.238963,-0.499743
0.795000,-0.535827,-0.548552,0.231257,0.197800,0.221220,-0.484453
0.800000,-0.587785,-0.551319,0.222820,0.160344,0.204077,-0.639717
0.805000,-0.637424,-0.655648,0.213365,0.119545,0.185219,-0.566543
0.810000,-0.684547,-0.403906,0.206731,0.093372,0.172723,-0.519474
0.815000,-0.728969,-1.199216,0.191644,0.028743,0.142774,-0.574449
0.820000,-0.770513,-0.048395,0.189072,0.024886,0.139817,-0.576382
0.825000,-0.809017,-0.229282,0.184597,0.012177,0.132871,-0.575919
0.830000,-0.844328,-0.933377,0.172653,-0.035100,0.110327,-0.652839
0.835000,-0.876307,-0.564852,0.164785,-0.061588,0.096873,-0.555119
0.840000,-0.904827,-0.652404,0.156079,-0.091129,0.081917,-0.729719
0.845000,-0.929776,-0.942348,0.144392,-0.133690,0.060968,-0.889498
0.850000,-0.951057,-0.515174,0.137384,-0.152764,0.050340,-0.976257
0.855000,-0.968583,-1.270599,0.122444,-0.208656,0.023114,-1.039184
0.860000,-0.982287,-1.347730,0.106863,-0.265609,-0.004878,-1.108880
0.865000,-0.992115,-1.540695,0.089425,-0.329364,-0.036212,-1.142536
0.870000,-0.998027,-1.005336,0.077851,-0.363162,-0.054453,-1.186990
0.875000,-1.000000,-1.140276,0.064989,-0.402018,-0.075113,-1.185190
0.880000,-0.998027,-1.177941,0.051881,-0.440814,-0.095928,-1.169514
0.885000,-0.992115,-0.826355,0.042629,-0.460091,-0.108187,-1.041319
0.890000,-0.982287,-1.258000,0.028943,-0.499987,-0.129736,-0.962356
0.895000,-0.968583,-1.237992,0.015627,-0.536887,-0.150127,-0.959810
0.900000,-0.951057,-0.643330,0.008708,-0.542209,-0.156567,-0.954858
0.905000,-0.929776,-0.452594,0.003870,-0.537728,-0.158610,-0.921051
0.910000,-0.904827,-1.122457,-0.007931,-0.566965,-0.175641,-0.867032
0.915000,-0.876307,-1.143277,-0.019814,-0.595780,-0.192604,-0.497895
0.920000,-0.844328,-0.589706,-0.025773,-0.595477,-0.196684,-0.505325
0.925000,-0.809017,-0.879865,-0.034695,-0.609696,-0.207195,-0.559938
0.930000,-0.770513,1.345962,-0.020287,-0.511913,-0.167775,-0.436085
0.935000,-0.728969,-0.695339,-0.027325,-0.521084,-0.175453,-0.344756
0.940000,-0.684547,-0.834881,-0.035737,-0.536774,-0.186048,-0.316566
0.945000,-0.637424,-0.255488,-0.038023,-0.522710,-0.183429,-0.162038
0.950000,-0.587785,-0.503973,-0.042868,-0.521773,-0.186540,-0.345741
0.955000,-0.535827,-0.392376,-0.046499,-0.515303,-0.187140,-0.181727
0.960000,-0.481754,0.201833,-0.043921,-0.479446,-0.174579,-0.167472
0.965000,-0.425779,0.060035,-0.042843,-0.452472,-0.165732,-0.137597
0.970000,-0.368125,0.452762,-0.037708,-0.407211,-0.148559,0.026554
0.975000,-0.309017,-0.735100,-0.044929,-0.423605,-0.158532,0.096749
0.980000,-0.248690,-0.046361,-0.044943,-0.404743,-0.152883,0.053917
0.985000,-0.187381,0.645085,-0.037810,-0.352252,-0.132142,0.049815
0.990000,-0.125333,0.098987,-0.036397,-0.329690,-0.124385,-0.025752
0.995000,-0.062791,-0.097988,-0.037033,-0.318105,-0.121354,0.184483
1.000000,-0.000000,0.031319,-0.036327,-0.300633,-0.115619,0.282585
1.005000,0.062791,-0.076203,-0.036738,-0.289412,-0.112541,0.252186
1.010000,0.125333,0.736546,-0.028773,-0.238114,-0.091576,0.348097
1.015000,0.187381,0.640352,-0.021886,-0.194191,-0.073577,0.418473
1.020000,0.248690,0.432288,-0.017214,-0.162867,-0.060910,0.425593
1.025000,0.309017,0.770369,-0.009118,-0.116205,-0.041244,0.503122
1.030000,0.368125,0.394639,-0.004970,-0.090663,-0.030678,0.509835
1.035000,0.425779,0.081161,-0.004086,-0.082072,-0.027481,0.546370
1.040000,0.481754,0.466502,0.000743,-0.054643,-0.015873,0.549667
1.045000,0.535827,0.783532,0.008769,-0.012734,0.002318,0.530822
1.050000,0.587785,0.896101,0.017863,0.032708,0.022316,0.609819
1.055000,0.637424,0.455369,0.022344,0.053841,0.031793,0.705162
1.060000,0.684547,0.638449,0.028650,0.083071,0.044976,0.723399
1.065000,0.728969,0.947620,0.038051,0.126299,0.064526,0.345965
1.070000,0.770513,0.748558,0.045316,0.157411,0.078945,0.337638
1.075000,0.809017,0.594161,0.050925,0.179249,0.089422,0.455423
1.080000,0.844328,-1.858503,0.031422,0.077361,0.045204,0.460048
1.085000,0.876307,0.837815,0.039654,0.115384,0.062373,0.570829
1.090000,0.904827,1.279864,0.052309,0.173608,0.088698,0.650995
1.095000,0.929776,0.670820,0.058616,0.198469,0.100572,0.657885
1.100000,0.951057,1.723092,0.075583,0.274700,0.135318,1.110535
1.105000,0.968583,1.309715,0.088157,0.326451,0.159645,1.135613
1.110000,0.982287,0.642394,0.093801,0.342248,0.168335,1.183010
1.115000,0.992115,1.310045,0.106181,0.390638,0.191518,1.198766
1.120000,0.998027,1.013358,0.115411,0.421774,0.207320,1.043157
1.125000,1.000000,1.611645,0.130627,0.481267,0.235819,1.060087
1.130000,0.998027,0.781115,0.137240,0.496260,0.244946,1.168378
1.135000,0.992115,0.633828,0.142286,0.503138,0.250541,1.108658
1.140000,0.982287,1.428224,0.155347,0.549392,0.273561,1.129129
1.145000,0.968583,1.400430,0.167988,0.591944,0.295175,1.028270
1.150000,0.951057,0.892006,0.175336,0.606947,0.304819,1.041207
1.155000,0.929776,1.156657,0.185291,0.634433,0.320034,1.097083
1.160000,0.904827,0.905634,0.192596,0.647993,0.329215,1.088948
1.165000,0.876307,0.871671,0.199480,0.659177,0.337389,1.000473
1.170000,0.844328,1.024959,0.207845,0.677466,0.348731,0.940187
1.175000,0.809017,1.371283,0.219630,0.712157,0.367388,0.892914
1.180000,0.770513,0.781103,0.225315,0.715604,0.372402,0.826561
1.185000,0.728969,0.470003,0.227792,0.703324,0.370452,0.780609
1.190000,0.684547,0.825750,0.233843,0.709445,0.376524,0.716537
1.195000,0.637424,0.441161,0.235940,0.696031,0.373968,0.616992
1.200000,0.587785,0.550007,0.239116,0.688730,0.374000,0.574207
1.205000,0.535827,0.576452,0.242527,0.683116,0.374703,0.534503
1.210000,0.481754,0.674467,0.246892,0.682683,0.377629,0.489915
1.215000,0.425779,0.481608,0.249263,0.672630,0.376273,0.445950
1.220000,0.368125,0.192076,0.248685,0.648602,0.368660,0.386615
1.225000,0.309017,0.513631,0.251361,0.641853,0.368508,0.294890
1.230000,0.248690,0.133407,0.250170,0.616431,0.360048,0.191421
1.235000,0.187381,0.134661,0.249004,0.592343,0.352006,0.080014
1.240000,0.125333,-0.065622,0.245830,0.559444,0.339915,0.000559
1.245000,0.062791,-0.049814,0.242849,0.528981,0.328688,-0.096306
1.250000,0.000000,-0.298243,0.237393,0.487620,0.312461,-0.117120
1.255000,-0.062791,-0.364110,0.231330,0.445034,0.295441,-0.127511
1.260000,-0.125333,-0.164423,0.227341,0.414561,0.283507,-0.167148
1.265000,-0.187381,-0.012293,0.224927,0.393218,0.275414,-0.193064
1.270000,-0.248690,0.061925,0.223285,0.376654,0.269296,-0.263969
1.275000,-0.309017,-0.343083,0.217582,0.340667,0.254507,-0.286402
1.280000,-0.368125,-0.231221,0.213063,0.312072,0.242766,-0.340293
1.285000,-0.425779,-0.794579,0.202921,0.256740,0.219067,-0.492095
1.290000,-0.481754,-0.521143,0.195635,0.217846,0.202298,-0.643070
1.295000,-0.535827,-0.541655,0.188217,0.179871,0.185713,-0.678463
1.300000,-0.587785,-1.074907,0.175512,0.117132,0.157998,-0.743218
1.305000,-0.637424,-0.994904,0.163741,0.061530,0.133078,-0.734499
1.310000,-0.684547,-0.590833,0.156155,0.028912,0.117982,-0.819918
1.315000,-0.728969,-0.684507,0.147704,-0.006759,0.101365,-0.798958
1.320000,-0.770513,-0.733545,0.138847,-0.043098,0.084264,-0.766577
1.325000,-0.809017,-1.119076,0.126207,-0.096897,0.059276,-0.721934
1.330000,-0.844328,-0.394930,0.120972,-0.111799,0.051141,-0.729889
1.335000,-0.876307,-0.848240,0.111237,-0.148621,0.033279,-0.748810
1.340000,-0.904827,-0.682404,0.103266,-0.175310,0.019694,-0.709931
1.345000,-0.929776,-0.646525,0.095738,-0.198871,0.007355,-0.721892
1.350000,-0.951057,-0.816950,0.086576,-0.229775,-0.008329,-0.814059
1.355000,-0.968583,-0.461396,0.081076,-0.241356,-0.015654,-0.829032
1.360000,-0.982287,-1.202799,0.068191,-0.289428,-0.039094,-0.852021
1.365000,-0.992115,-1.040099,0.057071,-0.326962,-0.058139,-0.893847
1.370000,-0.998027,-0.953054,0.046938,-0.358266,-0.074624,-0.911442
1.375000,-1.000000,-0.843324,0.038008,-0.382519,-0.088150,-0.999658
1.380000,-0.998027,-0.939306,0.028207,-0.410358,-0.103363,-0.930125
1.385000,-0.992115,-0.940117,0.018497,-0.436846,-0.118106,-0.974188
1.390000,-0.982287,-1.078906,0.007495,-0.468949,-0.135438,-0.996199
1.395000,-0.968583,-0.716073,0.000242,-0.481305,-0.144223,-0.999881
1.400000,-0.951057,-1.348538,-0.013277,-0.524667,-0.166694,-0.970435
1.405000,-0.929776,-1.107131,-0.024239,-0.553790,-0.183104,-0.985310
1.410000,-0.904827,-0.869096,-0.032704,-0.569556,-0.193760,-0.956336
1.415000,-0.876307,-0.733187,-0.039722,-0.577737,-0.201126,-0.973868
1.420000,-0.844328,-1.044240,-0.049784,-0.601062,-0.215168,-0.820039
1.425000,-0.809017,-0.876087,-0.058060,-0.614814,-0.225086,-0.819335
1.430000,-0.770513,-0.838795,-0.065879,-0.626013,-0.233919,-0.746628
1.435000,-0.728969,-0.271735,-0.067940,-0.608299,-0.230048,-0.685298
1.440000,-0.684547,-1.102203,-0.078295,-0.632994,-0.244705,-0.564822
1.445000,-0.637424,-0.360150,-0.081117,-0.619352,-0.242587,-0.491705
1.450000,-0.587785,-0.303876,-0.083347,-0.603578,-0.239416,-0.395667
1.455000,-0.535827,-0.200906,-0.084523,-0.583444,-0.234200,-0.384387
1.460000,-0.481754,-0.364269,-0.087323,-0.572486,-0.232872,-0.288259
1.465000,-0.425779,-0.166532,-0.088115,-0.552188,-0.227337,-0.266021
1.470000,-0.368125,-0.192775,-0.089162,-0.534217,-0.222679,-0.160107
1.475000,-0.309017,-0.429308,-0.092565,-0.528972,-0.223487,-0.121663
1.480000,-0.248690,-0.204484,-0.093685,-0.512747,-0.219403,-0.121795
1.485000,-0.187381,0.437525,-0.088372,-0.465234,-0.201430,-0.023007
1.490000,-0.125333,0.068199,-0.086806,-0.438562,-0.192333,0.003161
1.495000,-0.062791,-0.365186,-0.089590,-0.434893,-0.193181,0.052552
1.500000,-0.000000,0.524980,-0.083445,-0.386900,-0.174481,0.121257
1.505000,0.062791,-0.009599,-0.082706,-0.368035,-0.168305,0.032255
1.510000,0.125333,-0.083573,-0.082715,-0.353812,-0.164044,0.169908
1.515000,0.187381,0.276455,-0.079125,-0.322298,-0.152077,0.333216
1.520000,0.248690,-0.185488,-0.080188,-0.315458,-0.150769,0.352960
1.525000,0.309017,1.031765,-0.069075,-0.248097,-0.122781,0.452103
1.530000,0.368125,0.777971,-0.060610,-0.196793,-0.101465,0.560431
1.535000,0.425779,0.663190,-0.053378,-0.153794,-0.083503,0.617210
1.540000,0.481754,0.684403,-0.046006,-0.111884,-0.065770,0.719140
1.545000,0.535827,0.674725,-0.038805,-0.072554,-0.048930,0.712126
1.550000,0.587785,0.673905,-0.031686,-0.035231,-0.032749,0.780908
1.555000,0.637424,0.528023,-0.026095,-0.007068,-0.020387,0.796362
1.560000,0.684547,0.982667,-0.016019,0.042419,0.001512,0.821633
1.565000,0.728969,1.259445,-0.003280,0.103270,0.028685,0.828952
1.570000,0.770513,0.771367,0.004456,0.136675,0.044122,0.860355
1.575000,0.809017,0.861298,0.013013,0.172906,0.060981,0.869382
1.580000,0.844328,0.725960,0.020132,0.200559,0.074260,0.837958
1.585000,0.876307,0.893729,0.028855,0.235217,0.090763,0.767348
1.590000,0.904827,0.591206,0.034469,0.253017,0.100033,0.812893
1.595000,0.929776,0.762701,0.041739,0.278501,0.112768,0.839233
1.600000,0.951057,0.765176,0.048961,0.302835,0.125123,0.878493
1.605000,0.968583,1.090179,0.059355,0.342202,0.144209,0.834034
1.610000,0.982287,1.045679,0.069200,0.377376,0.161652,0.892188
1.615000,0.992115,1.000783,0.078497,0.408546,0.177512,0.918599
1.620000,0.998027,0.582516,0.083528,0.417244,0.183643,1.008207
1.625000,1.000000,0.998285,0.092657,0.446297,0.198749,0.950252
1.630000,0.998027,0.947578,0.101188,0.471361,0.212240,0.967448
1.635000,0.992115,1.392432,0.114072,0.517414,0.235075,0.959322
1.640000,0.982287,0.684492,0.119764,0.525768,0.241565,1.067071
1.645000,0.968583,1.166049,0.130203,0.557782,0.258477,1.017756
1.650000,0.951057,0.943906,0.138321,0.577088,0.269951,1.046767
1.655000,0.929776,1.336752,0.150277,0.615071,0.289715,0.989960
1.660000,0.904827,0.653083,0.155293,0.616972,0.293797,0.957197
1.665000,0.876307,1.150654,0.165222,0.643656,0.308752,0.602650
1.670000,0.844328,0.994784,0.173497,0.661213,0.319811,0.464031
1.675000,0.809017,0.455150,0.176306,0.650909,0.318687,0.365847
1.680000,0.770513,-1.315781,0.161424,0.552575,0.278769,0.359401
1.685000,0.728969,-0.026424,0.159551,0.523625,0.268773,0.334926
1.690000,0.684547,0.649466,0.164436,0.529917,0.274081,0.293312
1.695000,0.637424,0.607958,0.168859,0.533819,0.278347,0.412398
1.700000,0.587785,0.979332,0.176941,0.556095,0.290687,0.711234
1.705000,0.535827,0.703480,0.182192,0.563464,0.296573,0.774419
1.710000,0.481754,1.288757,0.193225,0.599729,0.315176,0.745170
1.715000,0.425779,0.776070,0.199037,0.608546,0.321889,0.689035
1.720000,0.368125,0.415872,0.201199,0.598912,0.320513,0.596882
1.725000,0.309017,0.444722,0.203627,0.591202,0.319899,0.484276
1.730000,0.248690,0.215013,0.203740,0.572393,0.314336,0.301176
1.735000,0.187381,0.334264,0.205041,0.560487,0.311675,0.238996
1.740000,0.125333,-0.084762,0.202152,0.528224,0.299974,0.171980
1.745000,0.062791,0.007051,0.200207,0.502165,0.290795,0.103084
1.750000,0.000000,0.340814,0.201609,0.494098,0.289356,0.106743
1.755000,-0.062791,-0.053244,0.199069,0.466731,0.279367,0.046557
1.760000,-0.125333,-0.037551,0.196710,0.441517,0.270152,-0.005265
1.765000,-0.187381,0.240632,0.197148,0.431472,0.267445,0.082871
1.770000,-0.248690,-0.087043,0.194316,0.405547,0.257685,-0.010915
1.775000,-0.309017,-0.447514,0.187919,0.362894,0.240411,-0.066087
1.780000,-0.368125,0.624005,0.192265,0.375949,0.247370,-0.136231
1.785000,-0.425779,-0.315690,0.187203,0.341367,0.233452,-0.270709
1.790000,-0.481754,-0.439446,0.180958,0.302327,0.217369,-0.283392
1.795000,-0.535827,-0.528562,0.173888,0.260782,0.199956,-0.327448
1.800000,-0.587785,-0.700711,0.165173,0.212707,0.179433,-0.493811
1.805000,-0.637424,-0.175823,0.161775,0.193281,0.171227,-0.530871
1.810000,-0.684547,-0.755907,0.152631,0.145822,0.150588,-0.557329
1.815000,-0.728969,-0.540540,0.145724,0.111504,0.135458,-0.473754
1.820000,-0.770513,-0.575107,0.138542,0.077173,0.120131,-0.501672
1.825000,-0.809017,-0.624652,0.130938,0.042082,0.104281,-0.576698
1.830000,-0.844328,0.056460,0.130196,0.042801,0.103977,-0.538913
1.835000,-0.876307,-0.896133,0.119971,-0.004146,0.082736,-0.604481
1.840000,-0.904827,-0.701007,0.111792,-0.038989,0.066558,-0.712663
1.845000,-0.929776,-0.491414,0.105783,-0.061610,0.055565,-0.747018
1.850000,-0.951057,-0.999514,0.094771,-0.108506,0.033788,-0.953988
1.855000,-0.968583,-1.332378,0.080554,-0.169699,0.005478,-0.930592
1.860000,-0.982287,-0.865142,0.071134,-0.204471,-0.011548,-0.999801
1.865000,-0.992115,-1.392331,0.056556,-0.263864,-0.039570,-1.005251
1.870000,-0.998027,-0.732356,0.048697,-0.287289,-0.052099,-1.000114
1.875000,-1.000000,-1.185474,0.036404,-0.332198,-0.074177,-0.929102
1.880000,-0.998027,-0.529560,0.030766,-0.342066,-0.081084,-0.946292
1.885000,-0.992115,-0.963558,0.020862,-0.373141,-0.097339,-0.850165
1.890000,-0.982287,-0.835297,0.012335,-0.396249,-0.110240,-0.906247
1.895000,-0.968583,-0.985467,0.002396,-0.425709,-0.126035,-0.843694
1.900000,-0.951057,-0.719442,-0.004793,-0.440396,-0.135474,-0.857628
1.905000,-0.929776,-1.124928,-0.015949,-0.474623,-0.153551,-0.846147
1.910000,-0.904827,-0.747604,-0.023236,-0.488272,-0.162747,-0.892442
1.915000,-0.876307,-0.627100,-0.029250,-0.495213,-0.169039,-0.912336
1.920000,-0.844328,-0.883189,-0.037755,-0.514612,-0.180812,-0.958307
1.925000,-0.809017,-1.159365,-0.048925,-0.546850,-0.198302,-0.865346
1.930000,-0.770513,-1.124725,-0.059639,-0.575743,-0.214470,-0.866425
1.935000,-0.728969,-1.041235,-0.069414,-0.599018,-0.228295,-0.829350
1.940000,-0.684547,-0.474203,-0.073445,-0.592777,-0.229245,-0.725647
1.945000,-0.637424,-0.755162,-0.080234,-0.600896,-0.236433,-0.575770
1.950000,-0.587785,-0.367575,-0.083095,-0.589230,-0.234936,-0.535310
1.955000,-0.535827,-0.157267,-0.083834,-0.567632,-0.228973,-0.418354
1.960000,-0.481754,-0.110222,-0.084097,-0.544762,-0.222296,-0.327884
1.965000,-0.425779,-0.841508,-0.091639,-0.559599,-0.232027,-0.244636
1.970000,-0.368125,-0.222544,-0.092942,-0.542746,-0.227883,-0.210440
1.975000,-0.309017,0.159092,-0.090433,-0.507654,-0.215599,-0.230500
1.980000,-0.248690,-0.172428,-0.091249,-0.490893,-0.211142,-0.245414
1.985000,-0.187381,-0.128203,-0.091617,-0.472759,-0.205959,-0.106852
1.990000,-0.125333,-0.297686,-0.093669,-0.464005,-0.204770,-0.153294
1.995000,-0.062791,-0.214621,-0.094873,-0.451536,-0.201872,-0.196935
2.000000,-0.000000,0.128424,-0.092650,-0.422538,-0.191616,-0.168514
2.005000,0.062791,-0.547633,-0.097180,-0.428792,-0.196664,-0.127149
2.010000,0.125333,-0.146395,-0.097670,-0.414673,-0.192771,0.014915
2.015000,0.187381,0.026518,-0.096433,-0.392613,-0.185287,0.093011
2.020000,0.248690,0.161353,-0.093867,-0.364915,-0.175181,0.287392
2.025000,0.309017,0.696763,-0.085995,-0.311831,-0.153746,0.435777
2.030000,0.368125,0.332049,-0.081833,-0.279637,-0.141174,0.485812
2.035000,0.425779,1.489092,-0.066193,-0.191200,-0.103696,0.580631
2.040000,0.481754,0.491062,-0.060646,-0.157087,-0.089578,0.704047
2.045000,0.535827,0.203847,-0.058012,-0.139041,-0.082321,0.704428
2.050000,0.587785,0.690248,-0.050563,-0.097576,-0.064667,0.803096
2.055000,0.637424,1.025268,-0.039853,-0.041434,-0.040327,0.697442
2.060000,0.684547,0.699431,-0.032493,-0.004391,-0.024062,0.795565
2.065000,0.728969,1.022721,-0.021988,0.046965,-0.001302,0.846847
2.070000,0.770513,0.749519,-0.014308,0.082093,0.014612,0.883515
2.075000,0.809017,1.177918,-0.002439,0.136884,0.039358,0.815096
2.080000,0.844328,0.562821,0.003188,0.158181,0.049686,0.861449
2.085000,0.876307,0.946923,0.012583,0.197618,0.068093,0.813267
2.090000,0.904827,0.546337,0.017896,0.215054,0.077043,0.832586
2.095000,0.929776,1.023905,0.027911,0.255496,0.096186,0.805785
2.100000,0.951057,0.685447,0.034456,0.276994,0.107217,0.878201
2.105000,0.968583,0.884751,0.042920,0.307382,0.122259,0.856583
2.110000,0.982287,0.990311,0.052351,0.341528,0.139104,0.917204
2.115000,0.992115,1.069732,0.062478,0.377938,0.157116,0.970227
2.120000,0.998027,0.795596,0.069776,0.398821,0.168489,1.014415
2.125000,1.000000,0.970689,0.078744,0.427415,0.183345,1.118364
2.130000,0.998027,1.395063,0.091846,0.475797,0.207031,1.156873
2.135000,0.992115,0.994760,0.100834,0.501745,0.221107,1.237157
2.140000,0.982287,1.612399,0.115880,0.557278,0.248299,1.280505
2.145000,0.968583,1.259870,0.127267,0.592408,0.266809,1.253718
2.150000,0.951057,1.631724,0.142242,0.644373,0.292881,1.191045
2.155000,0.929776,1.099031,0.151765,0.667106,0.306368,1.176071
2.160000,0.904827,0.783176,0.158050,0.672910,0.312508,1.029641
2.165000,0.876307,0.956354,0.165996,0.687082,0.322322,0.980373
2.170000,0.844328,0.889942,0.173202,0.697225,0.330409,0.957036
2.175000,0.809017,0.587393,0.177324,0.691733,0.331647,0.856737
2.180000,0.770513,0.914993,0.184667,0.702896,0.340136,0.875767
2.185000,0.728969,1.468367,0.197444,0.741170,0.360561,0.820130
2.190000,0.684547,0.396935,0.199429,0.723958,0.356788,0.779687
2.195000,0.637424,0.916388,0.206565,0.733580,0.364670,0.760173
2.200000,0.587785,0.566895,0.210152,0.725245,0.364680,0.724736
2.205000,0.535827,0.606835,0.214100,0.719325,0.365667,0.624720
2.210000,0.481754,0.450796,0.216456,0.705898,0.363288,0.612331
2.215000,0.425779,0.666935,0.220939,0.703950,0.365843,0.529502
2.220000,0.368125,0.768254,0.226387,0.707165,0.370620,0.519031
2.225000,0.309017,0.310214,0.227221,0.687318,0.365250,0.511675
2.230000,0.248690,0.336584,0.228309,0.669781,0.360751,0.490517
2.235000,0.187381,0.493597,0.230950,0.660972,0.359956,0.477658
2.240000,0.125333,0.555342,0.234178,0.655690,0.360632,0.331530
2.245000,0.062791,0.302690,0.234860,0.638040,0.355814,0.318239
2.250000,0.000000,0.576922,0.238264,0.634985,0.357280,0.302076
2.255000,-0.062791,-0.254639,0.233359,0.590503,0.340502,0.234580
2.260000,-0.125333,0.217176,0.233198,0.571837,0.334790,0.131567
2.265000,-0.187381,0.223448,0.233101,0.554418,0.329496,0.101534
2.270000,-0.248690,0.021120,0.230991,0.527753,0.320020,0.052274
2.275000,-0.309017,-0.165745,0.227043,0.493078,0.306853,0.005996
2.280000,-0.368125,0.092458,0.225703,0.473047,0.299906,-0.080467
2.285000,-0.425779,0.232097,0.225767,0.460999,0.296337,-0.150006
2.290000,-0.481754,-0.578584,0.217762,0.409020,0.275139,-0.230873
2.295000,-0.535827,-0.388064,0.211732,0.369166,0.258963,-0.264684
2.300000,-0.587785,-0.263322,0.207005,0.337542,0.246166,-0.398543
2.305000,-0.637424,-0.544952,0.199521,0.293417,0.227690,-0.518046
2.310000,-0.684547,-0.402418,0.193531,0.258625,0.213059,-0.580209
2.315000,-0.728969,-0.844560,0.183200,0.203466,0.189279,-0.701122
2.320000,-0.770513,-0.604423,0.175361,0.163071,0.171674,-0.854249
2.325000,-0.809017,-1.013720,0.163528,0.104232,0.145739,-0.877923
2.330000,-0.844328,-1.234460,0.149615,0.037297,0.115920,-0.949193
2.335000,-0.876307,-1.335207,0.134838,-0.031328,0.084988,-1.042442
2.340000,-0.904827,-0.710669,0.126424,-0.065295,0.068908,-1.048789
2.345000,-0.929776,-0.901313,0.116196,-0.107096,0.049208,-1.024397
2.350000,-0.951057,-1.497304,0.100139,-0.176606,0.017115,-0.930137
2.355000,-0.968583,-0.648850,0.092685,-0.200219,0.004814,-0.908178
2.360000,-0.982287,-0.842974,0.083374,-0.232356,-0.011345,-0.943494
2.365000,-0.992115,-0.574643,0.076826,-0.249471,-0.021063,-0.944413
2.370000,-0.998027,-1.181491,0.064303,-0.296072,-0.043809,-0.878292
2.375000,-1.000000,-0.957882,0.054131,-0.329162,-0.060857,-0.871537
2.380000,-0.998027,-0.907746,0.044559,-0.358091,-0.076236,-0.900007
2.385000,-0.992115,-1.034457,0.033821,-0.391910,-0.093898,-0.947828
2.390000,-0.982287,-0.601564,0.027498,-0.402392,-0.101469,-0.893365
2.395000,-0.968583,-1.042263,0.016852,-0.434386,-0.118519,-0.849449
2.400000,-0.951057,-0.909391,0.007635,-0.458136,-0.132097,-0.852513
2.405000,-0.929776,-0.800251,-0.000405,-0.475242,-0.142856,-0.846614
2.410000,-0.904827,-0.650469,-0.006874,-0.484003,-0.150013,-0.788291
2.415000,-0.876307,-0.929196,-0.016052,-0.506263,-0.163116,-0.698939
2.420000,-0.844328,-0.993164,-0.025776,-0.530608,-0.177226,-0.682105
2.425000,-0.809017,-0.193301,-0.027443,-0.513743,-0.173333,-0.627739
2.430000,-0.770513,-0.416799,-0.031318,-0.508895,-0.174591,-0.641150
2.435000,-0.728969,-0.791556,-0.038883,-0.523028,-0.184127,-0.524143
2.440000,-0.684547,-0.419688,-0.042673,-0.517861,-0.185229,-0.418030
2.445000,-0.637424,-0.744349,-0.049655,-0.529186,-0.193514,-0.463198
2.450000,-0.587785,-0.110147,-0.050257,-0.508234,-0.187650,-0.426266
2.455000,-0.535827,-0.250371,-0.052248,-0.495341,-0.185176,-0.302951
2.460000,-0.481754,-0.509476,-0.056798,-0.496047,-0.188573,-0.703951
2.465000,-0.425779,-0.158278,-0.057808,-0.479159,-0.184213,-0.683525
2.470000,-0.368125,0.071651,-0.056520,-0.451618,-0.175049,-0.654847
2.475000,-0.309017,-3.226686,-0.088067,-0.590372,-0.238758,-0.679743
2.480000,-0.248690,-0.601371,-0.093175,-0.590922,-0.242499,-0.548435
2.485000,-0.187381,0.090599,-0.091346,-0.556846,-0.230996,-0.481357
2.490000,-0.125333,-0.424638,-0.094662,-0.550235,-0.231334,-0.398305
2.495000,-0.062791,0.409680,-0.089644,-0.502240,-0.213422,0.143574
2.500000,-0.000000,0.311268,-0.085654,-0.461564,-0.198427,0.207507
2.505000,0.062791,0.653011,-0.078304,-0.405835,-0.176563,0.268040
2.510000,0.125333,0.566471,-0.071888,-0.357220,-0.157487,0.372311
2.515000,0.187381,-0.153839,-0.072703,-0.347051,-0.155007,0.338069
2.520000,0.248690,0.514327,-0.066862,-0.303982,-0.137998,0.435703
2.525000,0.309017,0.305256,-0.063159,-0.273520,-0.126267,0.387273
2.530000,0.368125,0.169987,-0.060839,-0.251345,-0.117991,0.354893
2.535000,0.425779,0.994712,-0.050335,-0.189042,-0.091947,0.426503
2.540000,0.481754,0.313995,-0.046710,-0.163890,-0.081864,0.471922
2.545000,0.535827,0.339812,-0.042863,-0.138705,-0.071616,0.494717
2.550000,0.587785,0.347436,-0.038980,-0.114398,-0.061605,0.550743
2.555000,0.637424,0.832255,-0.030310,-0.067065,-0.041337,0.534906
2.560000,0.684547,0.464825,-0.025383,-0.040471,-0.029909,0.542707
2.565000,0.728969,0.562165,-0.019536,-0.010339,-0.016777,0.626208
2.570000,0.770513,0.883855,-0.010547,0.034371,0.002928,0.671683
2.575000,0.809017,0.368602,-0.006774,0.051082,0.010583,0.623414
2.580000,0.844328,0.924319,0.002491,0.094744,0.030167,0.671752
2.585000,0.876307,0.665764,0.009091,0.123295,0.043352,0.790554
2.590000,0.904827,0.494370,0.013920,0.141849,0.052299,0.840691
2.595000,0.929776,0.803190,0.021774,0.174916,0.067716,0.915176
2.600000,0.951057,1.393782,0.035426,0.235859,0.095556,0.975911
2.605000,0.968583,1.234810,0.047361,0.285807,0.118895,1.045702
2.610000,0.982287,0.889998,0.055746,0.316016,0.133827,1.063719
2.615000,0.992115,1.349465,0.068619,0.367689,0.158340,1.096328
2.620000,0.998027,1.154296,0.079422,0.407019,0.177701,0.996696
2.625000,1.000000,0.620495,0.084806,0.417693,0.184672,0.989449
2.630000,0.998027,1.031451,0.094226,0.448381,0.200472,1.068532
2.635000,0.992115,0.696354,0.100218,0.460779,0.208386,1.132280
2.640000,0.982287,1.184081,0.111003,0.496944,0.226785,1.142094
2.645000,0.968583,1.443582,0.124263,0.544276,0.250267,1.190996
2.650000,0.951057,1.795702,0.140895,0.606848,0.280681,1.188274
2.655000,0.929776,1.222991,0.151662,0.637655,0.297460,1.224530
2.660000,0.904827,0.962810,0.159734,0.653913,0.307987,1.150622
2.665000,0.876307,1.012401,0.168218,0.671837,0.319304,1.127925
2.670000,0.844328,0.950144,0.175999,0.685752,0.328925,1.071931
2.675000,0.809017,0.666724,0.180882,0.684801,0.332057,0.959634
2.680000,0.770513,1.284705,0.191865,0.714796,0.348745,0.961306
2.685000,0.728969,1.403744,0.203924,0.749243,0.367520,0.903562
2.690000,0.684547,0.436910,0.206243,0.733627,0.364458,0.819787
2.695000,0.637424,0.974517,0.213887,0.745671,0.373422,0.829779
2.700000,0.587785,0.608190,0.217811,0.738797,0.374107,0.698862
2.705000,0.535827,0.363719,0.219263,0.720043,0.369497,0.507120
2.710000,0.481754,0.736670,0.224411,0.720875,0.373350,0.454736
2.715000,0.425779,0.368286,0.225843,0.703245,0.369063,0.381158
2.720000,0.368125,0.061547,0.224208,0.671160,0.358294,0.408899
2.725000,0.309017,0.070223,0.222676,0.641113,0.348207,0.454604
2.730000,0.248690,0.459469,0.225032,0.632031,0.347132,0.323750
2.735000,0.187381,0.802379,0.230777,0.640549,0.353708,0.340078
2.740000,0.125333,0.683651,0.235283,0.642704,0.357509,0.346301
2.745000,0.062791,-0.179307,0.231158,0.601603,0.342291,0.451178
2.750000,0.000000,0.482583,0.233660,0.595652,0.342257,0.360371
2.755000,-0.062791,0.105107,0.232380,0.571125,0.334004,0.252392
2.760000,-0.125333,0.804367,0.238072,0.582787,0.341486,0.113529
2.765000,-0.187381,-0.176185,0.233950,0.544838,0.327216,0.077874
2.770000,-0.248690,0.046528,0.232085,0.519923,0.318436,0.004136
2.775000,-0.309017,-0.288388,0.226906,0.479507,0.302686,-0.165779
2.780000,-0.368125,-0.428892,0.220381,0.434087,0.284493,-0.334208
2.785000,-0.425779,-0.033582,0.217853,0.410704,0.275709,-0.390132
2.790000,-0.481754,-1.084299,0.204897,0.335954,0.244214,-0.514545
2.795000,-0.535827,-0.374636,0.199130,0.300424,0.229518,-0.472906
2.800000,-0.587785,-0.567654,0.191500,0.257020,0.211156,-0.487824
2.805000,-0.637424,-0.824367,0.181392,0.202951,0.187860,-0.594895
2.810000,-0.684547,0.003084,0.179618,0.192958,0.183620,-0.476765
2.815000,-0.728969,-0.533311,0.172524,0.156644,0.167760,-0.518816
2.820000,-0.770513,-0.783083,0.163015,0.109658,0.147008,-0.553518
2.825000,-0.809017,-0.257386,0.158832,0.091306,0.138574,-0.554212
2.830000,-0.844328,-0.668996,0.150595,0.053291,0.121404,-0.673668
2.835000,-0.876307,-0.810568,0.141031,0.010098,0.101751,-0.661033
2.840000,-0.904827,-0.829225,0.131376,-0.031868,0.082403,-0.697311
2.845000,-0.929776,-0.833108,0.121780,-0.071930,0.063667,-0.757794
2.850000,-0.951057,-0.444863,0.116141,-0.090577,0.054126,-0.890593
2.855000,-0.968583,-1.037030,0.104667,-0.137900,0.031897,-0.915515
2.860000,-0.982287,-0.680766,0.096851,-0.165043,0.018283,-0.938607
2.865000,-0.992115,-1.598591,0.079981,-0.236720,-0.015029,-0.990099
2.870000,-0.998027,-0.985019,0.069384,-0.274135,-0.033672,-1.002824
2.875000,-1.000000,-0.990871,0.058834,-0.309972,-0.051808,-1.006582
2.880000,-0.998027,-1.193555,0.046373,-0.354151,-0.073785,-1.033338
2.885000,-0.992115,-0.533939,0.040598,-0.363141,-0.080523,-0.911867
2.890000,-0.982287,-1.063336,0.029614,-0.398150,-0.098715,-0.912664
2.895000,-0.968583,-0.868052,0.020682,-0.421646,-0.112016,-0.882075
2.900000,-0.951057,-0.748297,0.013030,-0.437978,-0.122272,-0.867884
2.905000,-0.929776,-0.990594,0.003044,-0.465609,-0.137552,-0.890090
2.910000,-0.904827,-0.776750,-0.004715,-0.481166,-0.147651,-0.811541
2.915000,-0.876307,-1.094221,-0.015556,-0.511819,-0.164435,-0.779276
2.920000,-0.844328,-0.689379,-0.022261,-0.520697,-0.171792,-0.731348
2.925000,-0.809017,-0.513490,-0.027149,-0.520336,-0.175105,-0.455613
2.930000,-0.770513,-0.642202,-0.033269,-0.526430,-0.181217,-0.472879
2.935000,-0.728969,-0.412801,-0.037045,-0.520748,-0.182156,-0.376972
2.940000,-0.684547,0.939551,-0.027328,-0.447733,-0.153449,-0.384788
2.945000,-0.637424,-0.897611,-0.035987,-0.470227,-0.166259,-0.288494
2.950000,-0.587785,-0.422874,-0.039837,-0.467859,-0.168244,-0.283865
2.955000,-0.535827,-0.744086,-0.046844,-0.481671,-0.177292,-0.233765
2.960000,-0.481754,0.160562,-0.044781,-0.449559,-0.166214,-0.376740
2.965000,-0.425779,-0.609798,-0.050403,-0.457571,-0.172553,-0.251408
2.970000,-0.368125,-0.062099,-0.050519,-0.437798,-0.166703,-0.209159
2.975000,-0.309017,-0.061277,-0.050626,-0.418971,-0.161130,-0.129420
2.980000,-0.248690,-0.020281,-0.050324,-0.399037,-0.154938,-0.125178
2.985000,-0.187381,-0.127133,-0.051089,-0.385442,-0.151395,0.000713
2.990000,-0.125333,-0.185918,-0.052430,-0.375466,-0.149341,-0.009710
2.995000,-0.062791,0.190260,-0.050015,-0.347179,-0.139165,0.028701
3.000000,-0.000000,0.271438,-0.046817,-0.316248,-0.127646,0.110444
3.005000,0.062791,-0.135057,-0.047695,-0.307189,-0.125543,0.145103
3.010000,0.125333,0.207596,-0.045155,-0.281450,-0.116043,0.344466
3.015000,0.187381,0.551920,-0.039214,-0.239781,-0.099384,0.373875
3.020000,0.248690,0.115482,-0.037674,-0.222018,-0.092977,0.384585
3.025000,0.309017,1.209622,-0.025263,-0.150436,-0.062815,0.502720
3.030000,0.368125,0.396123,-0.021071,-0.123108,-0.051682,0.564289
3.035000,0.425779,0.346411,-0.017414,-0.099632,-0.042079,0.552365
3.040000,0.481754,0.691885,-0.010356,-0.060056,-0.025266,0.647041
3.045000,0.535827,0.638579,-0.003899,-0.025124,-0.010267,0.632798
3.050000,0.587785,0.468453,0.000801,-0.000446,0.000427,0.693563
3.055000,0.637424,0.778211,0.008536,0.038487,0.017522,0.751773
3.060000,0.684547,1.109922,0.019495,0.092059,0.041264,0.824674
3.065000,0.728969,0.821481,0.027475,0.128530,0.057792,0.880103
3.070000,0.770513,0.753880,0.034703,0.159798,0.072231,0.961131
3.075000,0.809017,1.202191,0.046320,0.211917,0.095999,0.984033
3.080000,0.844328,1.026584,0.056074,0.252651,0.115047,0.966740
3.085000,0.876307,1.035647,0.065821,0.291800,0.133615,0.961790
3.090000,0.904827,0.938530,0.074504,0.324137,0.149394,0.992660
3.095000,0.929776,0.988870,0.083602,0.357374,0.165734,1.022019
3.100000,0.951057,0.786826,0.090600,0.378846,0.177074,0.985113
3.105000,0.968583,0.969976,0.099350,0.408403,0.192065,1.079607
3.110000,0.982287,1.407704,0.112368,0.458368,0.216168,1.108765
3.115000,0.992115,0.768239,0.118894,0.473861,0.225384,1.076380
3.120000,0.998027,1.697104,0.134597,0.535023,0.254725,1.085850
3.125000,1.000000,1.142635,0.144628,0.565404,0.270861,1.118971
3.130000,0.998027,0.762173,0.150772,0.575242,0.278113,1.083562
3.135000,0.992115,0.853116,0.157761,0.589136,0.287173,1.051456
3.140000,0.982287,1.201827,0.168149,0.619771,0.303636,0.920748
3.145000,0.968583,1.159838,0.178017,0.646774,0.318644,0.883347
3.150000,0.951057,0.543496,0.181654,0.641610,0.319641,0.900071
3.155000,0.929776,0.782149,0.187629,0.648637,0.325931,0.932130
3.160000,0.904827,0.880828,0.194526,0.660247,0.334242,0.880294
3.165000,0.876307,0.879240,0.201339,0.671196,0.342296,0.832394
3.170000,0.844328,1.077535,0.210057,0.691513,0.354494,0.904203
3.175000,0.809017,0.838973,0.216315,0.698886,0.361087,0.868888
3.180000,0.770513,0.824536,0.222367,0.705169,0.367208,0.956776
3.185000,0.728969,1.046162,0.230564,0.722218,0.378060,0.903833
3.190000,0.684547,0.534942,0.233593,0.712855,0.377371,0.825590
3.195000,0.637424,1.496043,0.246154,0.752014,0.397912,0.762802
3.200000,0.587785,0.508641,0.248766,0.739845,0.396090,0.682295
3.205000,0.535827,0.529832,0.251563,0.729345,0.394897,0.631624
3.210000,0.481754,0.399456,0.253034,0.712850,0.390979,0.629665
3.215000,0.425779,0.260987,0.253113,0.690257,0.384256,0.474143
3.220000,0.368125,0.691464,0.257475,0.690317,0.387328,0.464194
3.225000,0.309017,0.521231,0.260099,0.681863,0.386629,0.390979
3.230000,0.248690,0.407389,0.261565,0.668139,0.383537,0.404481
3.235000,0.187381,0.438996,0.263331,0.656682,0.381336,0.381227
3.240000,0.125333,0.017328,0.260883,0.624715,0.370032,0.248845
3.245000,0.062791,0.493974,0.263202,0.618177,0.369695,0.213666
3.250000,-0.000000,0.098208,0.261560,0.592179,0.360746,0.139356
3.255000,-0.062791,-0.235214,0.256617,0.550809,0.344875,0.067429
3.260000,-0.125333,0.274980,0.256800,0.537018,0.340865,0.035958
3.265000,-0.187381,-0.112779,0.253123,0.504528,0.328544,-0.084493
3.270000,-0.248690,-0.064494,0.249962,0.476077,0.317797,-0.139406
3.275000,-0.309017,-0.202967,0.245456,0.442125,0.304456,-0.175517
3.280000,-0.368125,-0.349185,0.239539,0.402559,0.288445,-0.221064
3.285000,-0.425779,-0.286181,0.234308,0.368122,0.274452,-0.248971
3.290000,-0.481754,-0.487992,0.227121,0.325317,0.256580,-0.360350
3.295000,-0.535827,-0.043850,0.224425,0.306858,0.249155,-0.413936
3.300000,-0.587785,-0.308129,0.219126,0.276109,0.236221,-0.408780
3.305000,-0.637424,-0.844147,0.208546,0.220096,0.212011,-0.498053
3.310000,-0.684547,-0.578068,0.200719,0.180188,0.194560,-0.534314
3.315000,-0.728969,-0.313095,0.195606,0.155524,0.183582,-0.656865
3.320000,-0.770513,-0.911088,0.184595,0.102193,0.159874,-0.668043
3.325000,-0.809017,-0.741818,0.175377,0.059993,0.140761,-0.649060
3.330000,-0.844328,-0.901709,0.164660,0.011907,0.118834,-0.677719
3.335000,-0.876307,-0.386378,0.159177,-0.008007,0.109022,-0.724615
3.340000,-0.904827,-0.711263,0.150516,-0.043170,0.092410,-0.698361
3.345000,-0.929776,-0.778680,0.141270,-0.079945,0.074905,-0.713191
3.350000,-0.951057,-0.641373,0.133483,-0.108016,0.061033,-0.720704
3.355000,-0.968583,-0.727306,0.124918,-0.138981,0.045748,-0.773344
3.360000,-0.982287,-0.845629,0.115261,-0.174313,0.028388,-0.828398
3.365000,-0.992115,-0.954299,0.104618,-0.213313,0.009239,-0.868809
3.370000,-0.998027,-0.754862,0.096066,-0.240390,-0.004871,-0.890466
3.375000,-1.000000,-1.096635,0.084199,-0.283202,-0.026022,-0.914791
3.380000,-0.998027,-1.061558,0.072798,-0.322120,-0.045677,-1.049770
3.385000,-0.992115,-0.792975,0.064184,-0.345663,-0.058770,-0.963160
3.390000,-0.982287,-0.897579,0.054614,-0.373259,-0.073748,-0.990450
3.395000,-0.968583,-1.790480,0.036255,-0.444120,-0.107857,-0.932008
3.400000,-0.951057,-0.348031,0.032431,-0.439315,-0.109093,-0.946474
3.405000,-0.929776,-0.945895,0.022697,-0.464644,-0.123506,-0.968589
3.410000,-0.904827,-0.687534,0.015630,-0.475789,-0.131796,-0.980411
3.415000,-0.876307,-1.162824,0.003904,-0.510141,-0.150309,-0.826280
3.420000,-0.844328,-0.947778,-0.005565,-0.532022,-0.163502,-0.838096
3.425000,-0.809017,-0.980334,-0.015264,-0.554438,-0.177016,-0.771702
3.430000,-0.770513,-0.711562,-0.022193,-0.562294,-0.184223,-0.771202
3.435000,-0.728969,-0.430746,-0.026258,-0.555717,-0.185095,-0.691701
3.440000,-0.684547,-0.481138,-0.030784,-0.551988,-0.187145,-0.603805
3.445000,-0.637424,-0.684034,-0.037284,-0.558590,-0.193676,-0.483933
3.450000,-0.587785,-0.606318,-0.042946,-0.560977,-0.198355,-0.419769
3.455000,-0.535827,-0.332507,-0.045827,-0.549553,-0.196945,-0.395007
3.460000,-0.481754,-0.141226,-0.046776,-0.529137,-0.191484,-0.366564
3.465000,-0.425779,-0.262417,-0.048922,-0.515801,-0.188985,-0.282905
3.470000,-0.368125,-0.257409,-0.050996,-0.502881,-0.186562,-0.150226
3.475000,-0.309017,-0.282035,-0.053295,-0.491839,-0.184858,-0.057490
3.480000,-0.248690,-0.098421,-0.053744,-0.472168,-0.179271,-0.081022
3.485000,-0.187381,0.322433,-0.050001,-0.432438,-0.164732,-0.039096
3.490000,-0.125333,0.316643,-0.046353,-0.394984,-0.150942,0.015486
3.495000,-0.062791,-0.305946,-0.048936,-0.390532,-0.151415,0.093952
3.500000,-0.000000,0.031065,-0.048140,-0.369452,-0.144534,0.155184
3.505000,0.062791,0.124661,-0.046421,-0.344746,-0.135918,0.208967
3.510000,0.125333,0.267227,-0.043300,-0.314148,-0.124554,0.187423
3.515000,0.187381,0.330203,-0.039583,-0.281930,-0.112287,0.362408
3.520000,0.248690,0.698915,-0.032235,-0.232888,-0.092431,0.387617
3.525000,0.309017,0.165833,-0.030264,-0.212952,-0.085071,0.372099
3.530000,0.368125,0.918955,-0.020820,-0.156357,-0.061481,0.427283
3.535000,0.425779,0.207527,-0.018547,-0.138162,-0.054432,0.519573
3.540000,0.481754,0.016033,-0.018203,-0.130453,-0.051878,0.558631
3.545000,0.535827,0.653517,-0.011520,-0.091254,-0.035440,0.672632
3.550000,0.587785,0.976230,-0.001691,-0.037880,-0.012548,0.698498
3.555000,0.637424,0.972319,0.008000,0.012630,0.009389,0.744425
3.560000,0.684547,0.963844,0.017511,0.060191,0.030315,0.869481
3.565000,0.728969,1.100013,0.028282,0.112182,0.053452,0.916569
3.570000,0.770513,0.529019,0.033264,0.133024,0.063192,1.011045
3.575000,0.809017,0.891427,0.041803,0.170944,0.080545,0.994623
3.580000,0.844328,0.983129,0.051170,0.211553,0.099285,1.049185
3.585000,0.876307,1.637565,0.066954,0.282854,0.131724,1.002955
3.590000,0.904827,0.857367,0.074819,0.311579,0.145847,1.112754
3.595000,0.929776,1.345775,0.087465,0.363289,0.170212,1.068702
3.600000,0.951057,0.776400,0.094320,0.383945,0.181208,1.061229
3.605000,0.968583,1.297616,0.106293,0.429628,0.203294,1.034546
3.610000,0.982287,0.583063,0.111037,0.437300,0.208916,1.116315
3.615000,0.992115,0.930817,0.119194,0.461976,0.222029,1.079322
3.620000,0.998027,1.450782,0.132444,0.511416,0.246135,1.062997
3.625000,1.000000,1.429752,0.145352,0.557333,0.268946,1.014463
3.630000,0.998027,1.086823,0.154720,0.583808,0.283446,1.065280
3.635000,0.992115,0.662122,0.159768,0.587723,0.288155,1.049796
3.640000,0.982287,0.957883,0.167710,0.606231,0.299266,1.092964
3.645000,0.968583,0.938783,0.175382,0.622859,0.309625,1.108275
3.650000,0.951057,0.822425,0.181820,0.632837,0.317125,1.068970
3.655000,0.929776,1.752961,0.197453,0.688843,0.344870,1.101048
3.660000,0.904827,1.536930,0.210781,0.731248,0.366921,1.041410
3.665000,0.876307,0.811687,0.216760,0.735270,0.372313,1.073544
3.670000,0.844328,0.886666,0.223426,0.742839,0.379250,1.122207
3.675000,0.809017,0.540420,0.226580,0.732718,0.378422,1.068588
3.680000,0.770513,1.163717,0.235905,0.754268,0.391414,0.972815
3.685000,0.728969,1.163071,0.245130,0.774709,0.404004,0.946071
3.690000,0.684547,1.377627,0.256399,0.804854,0.420935,0.933743
3.695000,0.637424,0.866519,0.262469,0.807938,0.426110,0.933549
3.700000,0.587785,0.624476,0.266071,0.798765,0.425879,0.843793
3.705000,0.535827,0.800371,0.271388,0.798845,0.429625,0.753502
3.710000,0.481754,0.539062,0.274051,0.785856,0.427593,0.636366
3.715000,0.425779,0.535423,0.276652,0.773334,0.425657,0.476240
3.720000,0.368125,0.531034,0.279183,0.761219,0.423794,0.467149
3.725000,0.309017,0.557677,0.281954,0.751042,0.422680,0.311092
3.730000,0.248690,-0.254361,0.276618,0.700772,0.403864,0.285962
3.735000,0.187381,0.560837,0.279446,0.693775,0.403745,0.149563
3.740000,0.125333,-0.292030,0.273759,0.644485,0.384977,0.111193
3.745000,0.062791,0.363151,0.274649,0.630418,0.381380,0.060497
3.750000,0.000000,-0.419364,0.267743,0.577929,0.360799,0.091288
3.755000,-0.062791,0.262445,0.267691,0.562155,0.356030,0.001762
3.760000,-0.125333,0.202803,0.267045,0.544187,0.350188,0.005310
3.765000,-0.187381,-0.038823,0.264002,0.515037,0.339312,-0.020781
3.770000,-0.248690,-0.065851,0.260720,0.485992,0.328301,0.093955
3.775000,-0.309017,-0.267192,0.255467,0.448333,0.313327,-0.016242
3.780000,-0.368125,0.180514,0.254721,0.434942,0.308787,-0.147035
3.785000,-0.425779,0.383788,0.256005,0.432384,0.308919,-0.224545
3.790000,-0.481754,-0.508936,0.248394,0.385318,0.289471,-0.332761
3.795000,-0.535827,-0.712745,0.238830,0.330415,0.266306,-0.344409
3.800000,-0.587785,-0.581392,0.230669,0.284825,0.246916,-0.501767
3.805000,-0.637424,-0.823364,0.220181,0.229415,0.222952,-0.699406
3.810000,-0.684547,-0.348728,0.214521,0.200508,0.210317,-0.753697
3.815000,-0.728969,-0.920991,0.203222,0.144433,0.185586,-0.761900
3.820000,-0.770513,-0.999686,0.191253,0.087227,0.160045,-0.801472
3.825000,-0.809017,-0.888973,0.180505,0.038417,0.137878,-0.840409
3.830000,-0.844328,-0.770165,0.171045,-0.002012,0.119128,-0.899405
3.835000,-0.876307,-0.858398,0.160802,-0.044831,0.099112,-0.889023
3.840000,-0.904827,-1.095924,0.148298,-0.097386,0.074593,-0.795562
3.845000,-0.929776,-0.761696,0.139243,-0.130601,0.058290,-0.827340
3.850000,-0.951057,-0.848320,0.129417,-0.166487,0.040646,-0.871799
3.855000,-0.968583,-0.345461,0.124692,-0.175436,0.034653,-0.867747
3.860000,-0.982287,-1.111416,0.112392,-0.222235,0.012004,-0.838469
3.865000,-0.992115,-1.081379,0.100514,-0.265192,-0.009198,-0.818411
3.870000,-0.998027,-0.830030,0.091255,-0.293434,-0.024152,-0.795434
3.875000,-1.000000,-0.890979,0.081482,-0.323311,-0.039956,-0.848967
3.880000,-0.998027,-0.621294,0.074489,-0.338210,-0.049321,-0.824760
3.885000,-0.992115,-0.687481,0.066907,-0.355674,-0.059867,-0.848706
3.890000,-0.982287,-0.720187,0.059076,-0.373900,-0.070817,-0.783542
3.895000,-0.968583,-0.941971,0.049115,-0.402303,-0.086310,-0.819612
3.900000,-0.951057,-1.248997,0.036199,-0.444638,-0.108052,-0.773695
3.905000,-0.929776,-0.373885,0.032118,-0.441100,-0.109847,-0.782213
3.910000,-0.904827,-1.143469,0.020421,-0.476219,-0.128571,-0.780912
3.915000,-0.876307,-0.299873,0.017234,-0.467401,-0.128157,-0.786750
3.920000,-0.844328,-0.747106,0.009629,-0.481387,-0.137676,-0.705260
3.925000,-0.809017,-0.711085,0.002458,-0.492872,-0.146141,-0.747867
3.930000,-0.770513,-0.982832,-0.007346,-0.517370,-0.160353,-0.672131
3.935000,-0.728969,-0.678572,-0.014025,-0.525430,-0.167446,-0.682114
3.940000,-0.684547,-0.672133,-0.020573,-0.532765,-0.174231,-0.758798
3.945000,-0.637424,-0.613316,-0.026471,-0.536792,-0.179567,-0.703144
3.950000,-0.587785,-0.369751,-0.029887,-0.528440,-0.179453,-0.564126
3.955000,-0.535827,-1.283897,-0.042364,-0.566213,-0.199519,-0.508183
3.960000,-0.481754,-0.321508,-0.045142,-0.553978,-0.197793,-0.472541
3.965000,-0.425779,-0.009703,-0.044789,-0.526764,-0.189382,-0.390269
3.970000,-0.368125,-0.286976,-0.047199,-0.514775,-0.187472,-0.314807
3.975000,-0.309017,-0.422638,-0.050935,-0.510168,-0.188705,-0.116871
3.980000,-0.248690,-0.037411,-0.050800,-0.486530,-0.181519,-0.098634
3.985000,-0.187381,0.158482,-0.048718,-0.454279,-0.170386,0.012772
3.990000,-0.125333,0.101653,-0.047222,-0.426483,-0.161000,0.050592
3.995000,-0.062791,-0.193844,-0.048680,-0.414851,-0.158532,0.150446
4.000000,-0.000000,0.770138,-0.040533,-0.355601,-0.135054,0.216246
4.005000,0.062791,-0.022235,-0.040351,-0.338933,-0.129926,0.299044
4.010000,0.125333,0.276336,-0.037200,-0.308170,-0.118491,0.377745
4.015000,0.187381,0.423189,-0.032619,-0.271602,-0.104314,0.430833
4.020000,0.248690,0.738073,-0.024951,-0.221118,-0.083801,0.370632
4.025000,0.309017,0.652559,-0.018209,-0.177434,-0.065977,0.416378
4.030000,0.368125,0.177773,-0.016259,-0.159674,-0.059284,0.414890
4.035000,0.425779,0.348730,-0.012627,-0.134254,-0.049115,0.470488
4.040000,0.481754,0.297985,-0.009537,-0.112642,-0.040468,0.588940
4.045000,0.535827,0.265919,-0.006796,-0.093714,-0.032871,0.609892
4.050000,0.587785,0.812374,0.001355,-0.048409,-0.013574,0.716820
4.055000,0.637424,1.567240,0.016936,0.032373,0.021567,0.854081
4.060000,0.684547,0.799219,0.024719,0.070716,0.038518,1.012780
4.065000,0.728969,0.926274,0.033690,0.113494,0.057631,1.191461
4.070000,0.770513,1.309556,0.046385,0.173297,0.084459,1.199859
4.075000,0.809017,1.408873,0.059942,0.235075,0.112482,1.156618
4.080000,0.844328,1.516691,0.074437,0.299156,0.141853,1.197371
4.085000,0.876307,0.871160,0.082364,0.327756,0.155982,1.231700
4.090000,0.904827,1.264550,0.094127,0.374596,0.178268,1.264531
4.095000,0.929776,1.084494,0.103981,0.410091,0.195814,1.235831
4.100000,0.951057,1.166577,0.114554,0.447915,0.214563,1.203677
4.105000,0.968583,1.539369,0.128732,0.502488,0.240858,1.224843
4.110000,0.982287,1.207979,0.139470,0.537763,0.258958,1.222699
4.115000,0.992115,1.291613,0.150934,0.575455,0.278290,1.251751
4.120000,0.998027,1.019321,0.159575,0.597648,0.290997,1.222461
4.125000,1.000000,1.249541,0.170420,0.630243,0.308367,1.162433
4.130000,0.998027,1.287858,0.181539,0.663124,0.326014,1.120782
4.135000,0.992115,0.961547,0.189300,0.678045,0.335923,1.117436
4.140000,0.982287,1.119169,0.198552,0.700101,0.349017,1.172107
4.145000,0.968583,0.916423,0.205695,0.710917,0.357262,1.217827
4.150000,0.951057,1.268196,0.216267,0.738781,0.373021,1.059549
4.155000,0.929776,1.402013,0.228065,0.771943,0.391229,1.046390
4.160000,0.904827,1.569584,0.241414,0.811825,0.412537,0.973897
4.165000,0.876307,0.179913,0.240802,0.780229,0.402630,0.975230
4.170000,0.844328,0.869430,0.247057,0.784689,0.408346,0.920973
4.175000,0.809017,0.611718,0.250685,0.776041,0.408292,0.802684
4.180000,0.770513,0.925754,0.257402,0.783526,0.415239,0.631817
4.185000,0.728969,0.888400,0.263681,0.788770,0.421207,0.681956
4.190000,0.684547,0.573987,0.266768,0.778031,0.420147,0.707159
4.195000,0.637424,0.373517,0.267830,0.757805,0.414823,0.645053
4.200000,0.587785,0.530889,0.270448,0.746459,0.413251,0.587296
4.205000,0.535827,1.045849,0.278163,0.761429,0.423143,0.488047
4.210000,0.481754,0.176974,0.277156,0.732206,0.413671,0.450559
4.215000,0.425779,0.521456,0.279587,0.721669,0.412212,0.505390
4.220000,0.368125,0.193656,0.278732,0.695268,0.403693,0.432490
4.225000,0.309017,0.311569,0.279059,0.676083,0.398166,0.290157
4.230000,0.248690,0.757338,0.283818,0.680146,0.402716,0.259413
4.235000,0.187381,0.020588,0.281199,0.647168,0.390989,0.231378
4.240000,0.125333,0.049517,0.278893,0.617285,0.380411,0.175592
4.245000,0.062791,-0.038236,0.275738,0.584509,0.368369,0.319575
4.250000,-0.000000,0.325212,0.276230,0.571544,0.364824,0.167388
4.255000,-0.062791,-0.196843,0.271523,0.533125,0.350004,0.151387
4.260000,-0.125333,1.319450,0.281950,0.572441,0.369097,0.083936
4.265000,-0.187381,-0.307971,0.276080,0.528421,0.351782,0.137867
4.270000,-0.248690,-0.091417,0.272424,0.497429,0.339925,0.073588
4.275000,-0.309017,-0.422641,0.265508,0.451425,0.321283,-0.030623
4.280000,-0.368125,0.339279,0.266242,0.445818,0.320115,-0.286097
4.285000,-0.425779,-0.124741,0.262351,0.417290,0.308833,-0.313963
4.290000,-0.481754,-0.926318,0.250524,0.350110,0.280400,-0.400207
4.295000,-0.535827,-0.468869,0.243366,0.309161,0.263104,-0.488372
4.300000,-0.587785,-0.503034,0.235939,0.268551,0.245723,-0.602652
4.305000,-0.637424,-0.695124,0.226675,0.220367,0.224783,-0.847827
4.310000,-0.684547,-1.039796,0.214073,0.157359,0.197059,-0.778927
4.315000,-0.728969,-0.460680,0.207359,0.126457,0.183089,-0.858999
4.320000,-0.770513,-1.840970,0.186978,0.028086,0.139311,-0.870151
4.325000,-0.809017,-0.444014,0.180700,0.004481,0.127834,-0.879221
4.330000,-0.844328,-1.029378,0.168659,-0.047212,0.103898,-0.852110
4.335000,-0.876307,-0.581095,0.161199,-0.073906,0.090668,-0.900504
4.340000,-0.904827,-0.758617,0.152047,-0.108142,0.073990,-0.781099
4.345000,-0.929776,-0.850015,0.142076,-0.145236,0.055883,-0.851557
4.350000,-0.951057,-0.799435,0.132708,-0.177946,0.039512,-0.847162
4.355000,-0.968583,-1.005141,0.121386,-0.219305,0.019179,-0.863135
4.360000,-0.982287,-0.937217,0.110853,-0.255201,0.001037,-0.569040
4.365000,-0.992115,-0.998612,0.099814,-0.292371,-0.017842,-0.638637
4.370000,-0.998027,-0.692909,0.091926,-0.312398,-0.029371,-0.660788
4.375000,-1.000000,1.300048,0.103947,-0.231776,0.003230,-0.699081
4.380000,-0.998027,-1.337189,0.089608,-0.287047,-0.023389,-0.794752
4.385000,-0.992115,-0.954496,0.079219,-0.320419,-0.040673,-0.811155
4.390000,-0.982287,-1.273190,0.065762,-0.368058,-0.064384,-0.826867
4.395000,-0.968583,-1.606917,0.049119,-0.430001,-0.094617,-1.178283
4.400000,-0.951057,-1.113434,0.037551,-0.464172,-0.112966,-1.015160
4.405000,-0.929776,-0.802892,0.029189,-0.481108,-0.123900,-1.113132
4.410000,-0.904827,-1.159861,0.017357,-0.515046,-0.142364,-1.053064
4.415000,-0.876307,-0.195328,0.015241,-0.499060,-0.139049,-0.949118
4.420000,-0.844328,-1.640300,-0.001232,-0.556122,-0.167699,-0.834434
4.425000,-0.809017,-0.852714,-0.009704,-0.570952,-0.178078,-0.807146
4.430000,-0.770513,-0.879294,-0.018357,-0.586369,-0.188760,-0.688039
4.435000,-0.728969,-0.310651,-0.021265,-0.572583,-0.186660,-0.755761
4.440000,-0.684547,-0.611873,-0.027142,-0.574547,-0.191363,-0.594596
4.445000,-0.637424,-0.326115,-0.030116,-0.562126,-0.189719,-0.559332
4.450000,-0.587785,-0.669383,-0.036477,-0.567489,-0.195781,-0.507783
4.455000,-0.535827,-0.512144,-0.041210,-0.564721,-0.198263,-0.511998
4.460000,-0.481754,-0.605868,-0.046828,-0.566779,-0.202814,-0.433935
4.465000,-0.425779,-0.518445,-0.051521,-0.564362,-0.205373,-0.342790
4.470000,-0.368125,-0.340156,-0.054393,-0.553152,-0.204021,-0.325840
4.475000,-0.309017,-0.065436,-0.054503,-0.528766,-0.196782,-0.182545
4.480000,-0.248690,0.311900,-0.050857,-0.486733,-0.181620,-0.119847
4.485000,-0.187381,-0.550733,-0.055831,-0.489933,-0.186062,-0.012453
4.490000,-0.125333,0.490924,-0.050391,-0.440890,-0.167540,0.085009
4.495000,-0.062791,-0.166984,-0.051551,-0.427194,-0.164244,0.112488
4.500000,-0.000000,0.233315,-0.048716,-0.394169,-0.152352,0.132127
4.505000,0.062791,0.342073,-0.044828,-0.357357,-0.138587,0.307833
4.510000,0.125333,0.126922,-0.043119,-0.333143,-0.130126,0.313673
4.515000,0.187381,0.449373,-0.038219,-0.294017,-0.114958,0.418608
4.520000,0.248690,0.679206,-0.031080,-0.245356,-0.095363,0.414841
4.525000,0.309017,0.531801,-0.025479,-0.206498,-0.079785,0.371608
4.530000,0.368125,0.567562,-0.019579,-0.167795,-0.064044,0.384485
4.535000,0.425779,0.206946,-0.017325,-0.149058,-0.056845,0.452576
4.540000,0.481754,0.039445,-0.016760,-0.139633,-0.053622,0.464162
4.545000,0.535827,0.217060,-0.014433,-0.121798,-0.046643,0.446891
4.550000,0.587785,0.926010,-0.005076,-0.069408,-0.024375,0.529690
4.555000,0.637424,0.760309,0.002540,-0.027922,-0.006599,0.639543
4.560000,0.684547,0.410905,0.006603,-0.005981,0.002828,0.774404
4.565000,0.728969,1.147155,0.017952,0.051676,0.028069,0.951185
4.570000,0.770513,0.975917,0.027484,0.097888,0.048605,0.944874
4.575000,0.809017,0.983473,0.036996,0.142167,0.068547,0.929198
4.580000,0.844328,1.454526,0.051100,0.207785,0.098106,1.029826
4.585000,0.876307,0.881834,0.059366,0.241488,0.114003,1.027176
4.590000,0.904827,0.650578,0.065249,0.261942,0.124257,1.047991
4.595000,0.929776,1.115302,0.075697,0.304610,0.144371,1.102060
4.600000,0.951057,1.128601,0.086174,0.345810,0.164065,1.077371
4.605000,0.968583,1.121626,0.096477,0.384601,0.182914,1.170028
4.610000,0.982287,1.361951,0.109068,0.433468,0.206388,1.160470
4.615000,0.992115,1.281707,0.120736,0.475880,0.227279,1.175906
4.620000,0.998027,1.530432,0.134763,0.528608,0.252916,1.179053
4.625000,1.000000,0.583672,0.139229,0.531361,0.256869,1.167985
4.630000,0.998027,1.223351,0.150017,0.565960,0.274800,1.094733
4.635000,0.992115,1.150629,0.159973,0.595194,0.290539,1.092020
4.640000,0.982287,1.044152,0.168771,0.617642,0.303432,1.047473
4.645000,0.968583,0.849188,0.175541,0.629219,0.311644,1.055614
4.650000,0.951057,1.262715,0.186358,0.660894,0.328719,1.050958
4.655000,0.929776,1.218604,0.196629,0.688779,0.344274,0.994325
4.660000,0.904827,0.640657,0.201047,0.686373,0.346645,0.938835
4.665000,0.876307,1.190758,0.210895,0.711593,0.361104,0.977428
4.670000,0.844328,0.754202,0.216301,0.713723,0.365528,0.892487
4.675000,0.809017,0.655721,0.220673,0.710823,0.367718,0.843538
4.680000,0.770513,1.119339,0.229615,0.731249,0.380105,0.923004
4.685000,0.728969,0.668126,0.233978,0.728093,0.382213,0.835195
4.690000,0.684547,0.875966,0.240366,0.735486,0.388902,0.675813
4.695000,0.637424,1.196919,0.249884,0.758558,0.402486,0.668669
4.700000,0.587785,0.576095,0.253130,0.749435,0.402021,0.607613
4.705000,0.535827,-0.361472,0.247015,0.693889,0.381077,0.507415
4.710000,0.481754,0.605712,0.250584,0.689481,0.382253,0.474922
4.715000,0.425779,0.691946,0.254975,0.689604,0.385364,0.325628
4.720000,0.368125,-0.033261,0.252107,0.653461,0.372513,0.141417
4.725000,0.309017,0.648518,0.256052,0.653213,0.375200,0.161309
4.730000,0.248690,0.151857,0.255015,0.628146,0.366954,0.052167
4.735000,0.187381,-0.713381,0.245379,0.561069,0.340086,0.007698
4.740000,0.125333,-0.222227,0.240727,0.521904,0.325080,0.001493
4.745000,0.062791,-0.158284,0.236756,0.487895,0.312098,-0.114707
4.750000,0.000000,0.380666,0.238188,0.482534,0.311492,-0.189270
4.755000,-0.062791,-0.076698,0.235055,0.454572,0.300910,-0.151900
4.760000,-0.125333,-0.164880,0.231076,0.423599,0.288833,-0.215505
4.765000,-0.187381,-0.370085,0.225094,0.383915,0.272740,-0.222146
4.770000,-0.248690,-0.451793,0.218359,0.342130,0.255490,-0.420510
4.775000,-0.309017,-0.667463,0.209545,0.291650,0.234176,-0.498727
4.780000,-0.368125,-0.204765,0.205422,0.266829,0.223845,-0.597451
4.785000,-0.425779,-1.007885,0.193350,0.203094,0.196273,-0.624746
4.790000,-0.481754,-0.624215,0.185215,0.161728,0.178169,-0.610595
4.795000,-0.535827,-0.855952,0.174855,0.110844,0.155652,-0.581550
4.800000,-0.587785,-0.561151,0.167532,0.077244,0.140446,-0.574043
4.805000,-0.637424,-0.352733,0.162355,0.055746,0.130372,-0.485893
4.810000,-0.684547,-0.464146,0.156121,0.029751,0.118210,-0.482970
4.815000,-0.728969,-0.152220,0.153053,0.020652,0.113333,-0.444335
4.820000,-0.770513,-0.390831,0.147642,0.000078,0.103373,-0.502482
4.825000,-0.809017,-0.603758,0.140165,-0.030114,0.089082,-0.837681
4.830000,-0.844328,-0.585508,0.132945,-0.057883,0.075696,-0.876386
4.835000,-0.876307,-0.968177,0.121988,-0.103398,0.054372,-1.006797
4.840000,-0.904827,-2.699125,0.093918,-0.233184,-0.004213,-1.135236
4.845000,-0.929776,-0.735080,0.085669,-0.258279,-0.017515,-1.197423
4.850000,-0.951057,-1.065103,0.074219,-0.298620,-0.037633,-1.293026
4.855000,-0.968583,-1.289905,0.060646,-0.348185,-0.062003,-1.298723
4.860000,-0.982287,-1.039064,0.049704,-0.382728,-0.080026,-1.030165
4.865000,-0.992115,-1.254726,0.036724,-0.426328,-0.102192,-1.069247
4.870000,-0.998027,-1.008061,0.026329,-0.455415,-0.118195,-1.118791
4.875000,-1.000000,-0.819217,0.017915,-0.473605,-0.129541,-1.126760
4.880000,-0.998027,-1.008651,0.007701,-0.500357,-0.144717,-1.060730
4.885000,-0.992115,-1.411913,-0.006425,-0.545935,-0.168278,-1.074759
4.890000,-0.982287,-1.345687,-0.019750,-0.585923,-0.189602,-1.070455
4.895000,-0.968583,-0.576852,-0.025294,-0.585469,-0.193346,-0.979548
4.900000,-0.951057,-1.352930,-0.038504,-0.623842,-0.214105,-0.912974
4.905000,-0.929776,-0.977939,-0.047851,-0.641547,-0.225960,-0.868769
4.910000,-0.904827,-0.182867,-0.049195,-0.618613,-0.220020,-0.819654
4.915000,-0.876307,-0.542634,-0.054104,-0.614814,-0.222317,-0.896843
4.920000,-0.844328,-1.102473,-0.064536,-0.639197,-0.236934,-0.846812
4.925000,-0.809017,-1.001885,-0.073863,-0.657331,-0.248903,-0.784431
4.930000,-0.770513,-1.117173,-0.084244,-0.680324,-0.263068,-0.748574
4.935000,-0.728969,-1.002713,-0.093383,-0.696443,-0.274301,-0.742736
4.940000,-0.684547,-0.541272,-0.097839,-0.688684,-0.275093,-0.599386
4.945000,-0.637424,0.068129,-0.096188,-0.650844,-0.262585,-0.484222
4.950000,-0.587785,-0.501761,-0.100223,-0.643390,-0.263173,-0.359147
4.955000,-0.535827,-0.099025,-0.100211,-0.616171,-0.254999,-0.297402
4.960000,-0.481754,-0.195739,-0.101162,-0.595150,-0.249358,-0.235697
4.965000,-0.425779,-0.241650,-0.102560,-0.577475,-0.245034,-0.220150
4.970000,-0.368125,-0.570495,-0.107216,-0.577126,-0.248189,-0.222134
4.975000,-0.309017,-0.109340,-0.107237,-0.553737,-0.241187,-0.237477
4.980000,-0.248690,0.176959,-0.104409,-0.517202,-0.228247,-0.211781
4.985000,-0.187381,-0.515645,-0.108501,-0.517124,-0.231088,-0.177259
4.990000,-0.125333,-0.206426,-0.109475,-0.501589,-0.227109,-0.095760
4.995000,-0.062791,-0.015868,-0.108544,-0.477303,-0.219172,-0.080140
